[
  {
    "id": "4219f5d6-0035-4ff2-972e-b4dee2384e93",
    "data": [
      {
        "text": "could you order pizza ",
        "userDefined": false
      },
      {
        "text": "here",
        "meta": "@sys.address",
        "alias": "address",
        "userDefined": true
      }
    ],
    "isTemplate": false,
    "count": 0,
    "lang": "en",
    "updated": 0
  },
  {
    "id": "f0c3e5f5-a750-4461-9ac6-6e22893838ff",
    "data": [
      {
        "text": "could you order me pizza ",
        "userDefined": false
      },
      {
        "text": "now",
        "meta": "@sys.date-time",
        "alias": "date-time",
        "userDefined": true
      }
    ],
    "isTemplate": false,
    "count": 0,
    "lang": "en",
    "updated": 0
  },
  {
    "id": "09fd029b-3bbc-4c61-931d-79eb44d1899c",
    "data": [
      {
        "text": "could you add ",
        "userDefined": false
      },
      {
        "text": "toppings",
        "meta": "@toppings",
        "alias": "toppings",
        "userDefined": true
      },
      {
        "text": " to the pizza",
        "userDefined": false
      }
    ],
    "isTemplate": false,
    "count": 0,
    "lang": "en",
    "updated": 0
  },
  {
    "id": "d1ad7e04-1d70-4ecb-a2b1-b926347ae7b6",
    "data": [
      {
        "text": "could you order me small ",
        "userDefined": false
      },
      {
        "text": "size",
        "meta": "@size",
        "alias": "size",
        "userDefined": true
      },
      {
        "text": " pizza",
        "userDefined": false
      }
    ],
    "isTemplate": false,
    "count": 0,
    "lang": "en",
    "updated": 0
  },
  {
    "id": "5b0a5962-c4c5-4479-adaf-562a6abb9e8f",
    "data": [
      {
        "text": "order me pizza to the phone number ",
        "userDefined": false
      },
      {
        "text": "number",
        "meta": "@sys.phone-number",
        "alias": "phone-number",
        "userDefined": true
      }
    ],
    "isTemplate": false,
    "count": 0,
    "lang": "en",
    "updated": 0
  },
  {
    "id": "f301a098-d06c-4889-a032-1ac3ff426097",
    "data": [
      {
        "text": "order me pizza to the email id ",
        "userDefined": false
      },
      {
        "text": "mail",
        "meta": "@sys.email",
        "alias": "email",
        "userDefined": true
      }
    ],
    "isTemplate": false,
    "count": 0,
    "lang": "en",
    "updated": 0
  }
]