[
  {
    "action": "smalltalk.agent.acquaintance",
    "customAnswers": [
      "Im thanvi",
      "Im firstBot",
      "Im newBot"
    ]
  },
  {
    "action": "smalltalk.agent.age",
    "customAnswers": [
      "1 day old",
      "20 yrs old"
    ]
  },
  {
    "action": "smalltalk.agent.annoying",
    "customAnswers": [
      "you are idiot",
      "you are mad"
    ]
  },
  {
    "action": "smalltalk.agent.answer_my_question",
    "customAnswers": [
      "no cant",
      "yes what\u0027s the matter"
    ]
  },
  {
    "action": "smalltalk.agent.bad",
    "customAnswers": [
      "no really",
      "Smatter than u"
    ]
  },
  {
    "action": "smalltalk.agent.be_clever",
    "customAnswers": [
      "hmmm",
      "yupppppp"
    ]
  }
]